Target: ,12cx7,,,,,,
Patient,minute,calories,distance,floors,heart,steps,sleep_level
12cx7,0:00:00,0.968900025,0,0,63,0,1
12cx7,0:01:00,0.968900025,0,0,67,0,1
12cx7,0:02:00,0.968900025,0,0,69,0,1
12cx7,0:03:00,0.968900025,0,0,70,0,1
12cx7,0:04:00,0.968900025,0,0,70,0,1
12cx7,0:05:00,0.968900025,0,0,71,0,1
12cx7,0:06:00,0.968900025,0,0,69,0,1
12cx7,0:07:00,0.968900025,0,0,71,0,1
12cx7,0:08:00,0.968900025,0,0,68,0,1
12cx7,0:09:00,0.968900025,0,0,67,0,1
12cx7,0:10:00,0.968900025,0,0,66,0,1
12cx7,0:11:00,0.968900025,0,0,65,0,1
12cx7,0:12:00,0.968900025,0,0,65,0,1
12cx7,0:13:00,0.968900025,0,0,67,0,1
12cx7,0:14:00,0.968900025,0,0,65,0,1
12cx7,0:15:00,0.968900025,0,0,63,0,1
12cx7,0:16:00,0.968900025,0,0,64,0,1
12cx7,0:17:00,0.968900025,0,0,63,0,1
12cx7,0:18:00,0.968900025,0,0,63,0,1
12cx7,0:19:00,0.968900025,0,0,65,0,1
12cx7,0:20:00,0.968900025,0,0,64,0,1
12cx7,0:21:00,0.968900025,0,0,63,0,1
12cx7,0:22:00,0.968900025,0,0,63,0,1
12cx7,0:23:00,0.968900025,0,0,62,0,1
12cx7,0:24:00,0.968900025,0,0,63,0,1
13ac4,0:24:00,0.968900025,0,0,68,0,2
12cx7,0:25:00,0.968900025,0,0,64,0,1
12cx7,0:26:00,0.968900025,0,0,62,0,1
12cx7,0:27:00,0.968900025,0,0,61,0,1
12cx7,0:28:00,0.968900025,0,0,62,0,1
12cx7,0:29:00,0.968900025,0,0,62,0,1
12cx7,0:30:00,0.968900025,0,0,62,0,1
12cx7,0:31:00,0.968900025,0,0,62,0,1
12cx7,0:32:00,0.968900025,0,0,62,0,1
12cx7,0:33:00,0.968900025,0,0,61,0,1
12cx7,0:34:00,0.968900025,0,0,61,0,1
12cx7,0:35:00,0.968900025,0,0,62,0,1
12cx7,0:36:00,0.968900025,0,0,62,0,1
12cx7,0:37:00,0.968900025,0,0,61,0,1
12cx7,0:38:00,0.968900025,0,0,61,0,1
12cx7,0:39:00,0.968900025,0,0,62,0,1
12cx7,0:40:00,0.968900025,0,0,62,0,1
12cx7,0:41:00,0.968900025,0,0,62,0,1
12cx7,0:42:00,0.968900025,0,0,63,0,1
12cx7,0:43:00,0.968900025,0,0,62,0,1
12cx7,0:44:00,0.968900025,0,0,62,0,1
12cx7,0:45:00,0.968900025,0,0,62,0,1
12cx7,0:46:00,0.968900025,0,0,62,0,1
12cx7,0:47:00,0.968900025,0,0,63,0,1
12cx7,0:48:00,0.968900025,0,0,61,0,1
12cx7,0:49:00,0.968900025,0,0,61,0,1
12cx7,0:50:00,0.968900025,0,0,62,0,1
12cx7,0:50:00,0.968900025,0,0,62,0,1
12cx7,0:51:00,0.968900025,0,0,61,0,1
12cx7,0:52:00,0.968900025,0,0,61,0,1
12cx7,0:53:00,0.968900025,0,0,60,0,1
12cx7,0:54:00,0.968900025,0,0,61,0,1
12cx7,0:55:00,0.968900025,0,0,61,0,1
12cx7,0:56:00,0.968900025,0,0,61,0,1
12cx7,0:57:00,0.968900025,0,0,61,0,1
12cx7,0:58:00,0.968900025,0,0,60,0,1
12cx7,0:59:00,0.968900025,0,0,61,0,1
12cx7,1:00:00,0.968900025,0,0,61,0,1
12cx7,1:01:00,0.968900025,0,0,60,0,1
12cx7,1:02:00,0.968900025,0,0,60,0,1
12cx7,1:03:00,0.968900025,0,0,60,0,1
12cx7,1:04:00,0.968900025,0,0,60,0,1
12cx7,1:05:00,0.968900025,0,0,60,0,1
12cx7,1:06:00,0.968900025,0,0,60,0,1
12cx7,1:07:00,0.968900025,0,0,61,0,1
12cx7,1:08:00,0.968900025,0,0,61,0,1
12cx7,1:09:00,1.065790057,0,0,61,0,1
12cx7,1:10:00,0.968900025,0,0,58,0,1
12cx7,1:11:00,0.968900025,0,0,58,0,1
12cx7,1:12:00,0.968900025,0,0,61,0,1
12cx7,1:13:00,0.968900025,0,0,61,0,1
12cx7,1:14:00,0.968900025,0,0,65,0,1
12cx7,1:15:00,0.968900025,0,0,65,0,1
12cx7,1:16:00,0.968900025,0,0,65,0,1
12cx7,1:17:00,0.968900025,0,0,69,0,1
12cx7,1:18:00,0.968900025,0,0,65,0,1
12cx7,1:19:00,0.968900025,0,0,66,0,1
12cx7,1:20:00,0.968900025,0,0,65,0,1
12cx7,1:21:00,0.968900025,0,0,64,0,1
12cx7,1:22:00,0.968900025,0,0,65,0,1
12cx7,1:23:00,0.968900025,0,0,65,0,1
12cx7,1:24:00,0.968900025,0,0,64,0,1
12cx7,1:25:00,0.968900025,0,0,63,0,1
12cx7,1:26:00,0.968900025,0,0,64,0,1
12cx7,1:27:00,0.968900025,0,0,63,0,1
12cx7,1:28:00,1.065790057,0,0,65,0,1
12cx7,1:29:00,0.968900025,0,0,60,0,1
12cx7,1:30:00,0.968900025,0,0,62,0,1
12cx7,1:31:00,0.968900025,0,0,64,0,1
12cx7,1:32:00,0.968900025,0,0,64,0,1
12cx7,1:33:00,0.968900025,0,0,63,0,1
12cx7,1:34:00,0.968900025,0,0,62,0,1
12cx7,1:35:00,0.968900025,0,0,63,0,1
12cx7,1:36:00,0.968900025,0,0,63,0,1
12cx7,1:37:00,0.968900025,0,0,62,0,1
12cx7,1:38:00,0.968900025,0,0,64,0,1
12cx7,1:39:00,0.968900025,0,0,62,0,1
12cx7,1:40:00,0.968900025,0,0,62,0,1
12cx7,1:41:00,0.968900025,0,0,62,0,1
12cx7,1:42:00,0.968900025,0,0,62,0,1
12cx7,1:43:00,0.968900025,0,0,61,0,1
12cx7,1:44:00,0.968900025,0,0,62,0,1
12cx7,1:45:00,0.968900025,0,0,62,0,1
12cx7,1:46:00,0.968900025,0,0,63,0,1
12cx7,1:47:00,0.968900025,0,0,63,0,1
12cx7,1:48:00,0.968900025,0,0,62,0,1
12cx7,1:49:00,0.968900025,0,0,61,0,1
12cx7,1:50:00,0.968900025,0,0,62,0,1
12cx7,1:51:00,0.968900025,0,0,62,0,1
12cx7,1:52:00,0.968900025,0,0,63,0,1
12cx7,1:53:00,0.968900025,0,0,62,0,1
12cx7,1:54:00,0.968900025,0,0,62,0,1
12cx7,1:55:00,0.968900025,0,0,63,0,1
12cx7,1:56:00,0.968900025,0,0,62,0,1
12cx7,1:57:00,0.968900025,0,0,61,0,1
12cx7,1:58:00,0.968900025,0,0,62,0,1
12cx7,1:59:00,0.968900025,0,0,61,0,1
12cx7,2:00:00,0.968900025,0,0,61,0,1
12cx7,2:01:00,0.968900025,0,0,61,0,1
12cx7,2:02:00,0.968900025,0,0,61,0,1
12cx7,2:03:00,0.968900025,0,0,60,0,1
12cx7,2:04:00,0.968900025,0,0,60,0,1
12cx7,2:05:00,0.968900025,0,0,60,0,1
12cx7,2:06:00,0.968900025,0,0,61,0,1
12cx7,2:07:00,0.968900025,0,0,60,0,1
12cx7,2:08:00,0.968900025,0,0,60,0,1
12cx7,2:09:00,0.968900025,0,0,59,0,1
12cx7,2:10:00,0.968900025,0,0,61,0,1
12cx7,2:11:00,0.968900025,0,0,61,0,1
12cx7,2:12:00,0.968900025,0,0,61,0,1
12cx7,2:13:00,0.968900025,0,0,59,0,1
12cx7,2:14:00,0.968900025,0,0,59,0,1
12cx7,2:15:00,0.968900025,0,0,59,0,1
12cx7,2:16:00,0.968900025,0,0,60,0,1
12cx7,2:17:00,0.968900025,0,0,65,0,1
12cx7,2:18:00,1.065790057,0,0,59,0,1
12cx7,2:19:00,0.968900025,0,0,57,0,1
12cx7,2:20:00,0.968900025,0,0,58,0,1
12cx7,2:21:00,0.968900025,0,0,58,0,1
12cx7,2:22:00,0.968900025,0,0,59,0,2
12cx7,2:23:00,0.968900025,0,0,59,0,1
12cx7,2:24:00,0.968900025,0,0,58,0,1
12cx7,2:25:00,0.968900025,0,0,57,0,1
12cx7,2:25:00,0.968900025,0,0,57,0,1
12cx7,2:26:00,0.968900025,0,0,58,0,1
12cx7,2:27:00,0.968900025,0,0,58,0,1
12cx7,2:28:00,0.968900025,0,0,63,0,1
12cx7,2:29:00,0.968900025,0,0,58,0,1
12cx7,2:30:00,0.968900025,0,0,59,0,1
12cx7,2:31:00,0.968900025,0,0,60,0,1
12cx7,2:32:00,0.968900025,0,0,62,0,1
12cx7,2:33:00,0.968900025,0,0,63,0,1
12cx7,2:34:00,0.968900025,0,0,60,0,1
12cx7,2:35:00,0.968900025,0,0,61,0,1
12cx7,2:36:00,0.968900025,0,0,63,0,1
12cx7,2:37:00,0.968900025,0,0,60,0,1
12cx7,2:38:00,0.968900025,0,0,63,0,1
12cx7,2:39:00,0.968900025,0,0,63,0,1
12cx7,2:40:00,0.968900025,0,0,61,0,1
12cx7,2:41:00,0.968900025,0,0,62,0,1
12cx7,2:42:00,0.968900025,0,0,63,0,1
12cx7,2:43:00,0.968900025,0,0,64,0,1
12cx7,2:44:00,0.968900025,0,0,67,0,1
12cx7,2:45:00,0.968900025,0,0,64,0,1
12cx7,2:46:00,0.968900025,0,0,65,0,1
12cx7,2:47:00,0.968900025,0,0,63,0,1
12cx7,2:48:00,0.968900025,0,0,64,0,1
12cx7,2:49:00,0.968900025,0,0,66,0,1
12cx7,2:50:00,0.968900025,0,0,63,0,1
12cx7,2:51:00,0.968900025,0,0,64,0,1
12cx7,2:52:00,0.968900025,0,0,58,0,1
12cx7,2:53:00,0.968900025,0,0,60,0,1
12cx7,2:54:00,0.968900025,0,0,61,0,1
12cx7,2:55:00,0.968900025,0,0,59,0,1
12cx7,2:56:00,0.968900025,0,0,60,0,1
12cx7,2:57:00,0.968900025,0,0,58,0,1
12cx7,2:58:00,0.968900025,0,0,59,0,1
12cx7,2:59:00,0.968900025,0,0,61,0,1
12cx7,3:00:00,0.968900025,0,0,58,0,1
12cx7,3:01:00,0.968900025,0,0,58,0,1
12cx7,3:02:00,0.968900025,0,0,57,0,1
12cx7,3:03:00,0.968900025,0,0,57,0,1
12cx7,3:04:00,0.968900025,0,0,57,0,1
12cx7,3:05:00,0.968900025,0,0,56,0,1
12cx7,3:06:00,0.968900025,0,0,57,0,1
12cx7,3:07:00,0.968900025,0,0,56,0,1
12cx7,3:08:00,0.968900025,0,0,56,0,1
12cx7,3:09:00,0.968900025,0,0,56,0,1
12cx7,3:10:00,0.968900025,0,0,57,0,1
12cx7,3:11:00,0.968900025,0,0,56,0,1
12cx7,3:12:00,0.968900025,0,0,57,0,1
12cx7,3:13:00,0.968900025,0,0,56,0,1
12cx7,3:14:00,0.968900025,0,0,57,0,1
12cx7,3:15:00,0.968900025,0,0,57,0,1
12cx7,3:16:00,0.968900025,0,0,56,0,1
12cx7,3:17:00,0.968900025,0,0,56,0,1
12cx7,3:18:00,0.968900025,0,0,56,0,1
12cx7,3:19:00,0.968900025,0,0,56,0,1
12cx7,3:20:00,0.968900025,0,0,56,0,1
12cx7,3:21:00,0.968900025,0,0,57,0,1
12cx7,3:22:00,0.968900025,0,0,57,0,1
12cx7,3:23:00,0.968900025,0,0,57,0,1
12cx7,3:24:00,0.968900025,0,0,56,0,1
12cx7,3:25:00,0.968900025,0,0,57,0,1
12cx7,3:26:00,0.968900025,0,0,57,0,1
12cx7,3:27:00,0.968900025,0,0,57,0,1
12cx7,3:28:00,0.968900025,0,0,57,0,1
12cx7,3:29:00,0.968900025,0,0,56,0,1
12cx7,3:30:00,0.968900025,0,0,55,0,1
12cx7,3:31:00,0.968900025,0,0,56,0,1
12cx7,3:32:00,0.968900025,0,0,57,0,1
12cx7,3:33:00,0.968900025,0,0,57,0,1
12cx7,3:34:00,0.968900025,0,0,55,0,1
12cx7,3:35:00,0.968900025,0,0,55,0,1
12cx7,3:36:00,0.968900025,0,0,56,0,1
12cx7,3:37:00,0.968900025,0,0,55,0,1
12cx7,3:38:00,0.968900025,0,0,56,0,1
12cx7,3:39:00,0.968900025,0,0,55,0,1
12cx7,3:40:00,0.968900025,0,0,55,0,1
12cx7,3:41:00,0.968900025,0,0,55,0,1
12cx7,3:42:00,0.968900025,0,0,55,0,1
12cx7,3:43:00,0.968900025,0,0,55,0,1
12cx7,3:44:00,0.968900025,0,0,59,0,1
12cx7,3:45:00,1.065790057,0,0,55,0,1
12cx7,3:46:00,0.968900025,0,0,54,0,1
12cx7,3:47:00,0.968900025,0,0,54,0,1
12cx7,3:48:00,0.968900025,0,0,55,0,1
12cx7,3:49:00,0.968900025,0,0,56,0,2
12cx7,3:50:00,0.968900025,0,0,56,0,1
12cx7,3:51:00,0.968900025,0,0,55,0,1
12cx7,3:52:00,0.968900025,0,0,58,0,1
12cx7,3:53:00,0.968900025,0,0,55,0,1
12cx7,3:54:00,0.968900025,0,0,54,0,1
12cx7,3:55:00,0.968900025,0,0,54,0,1
12cx7,3:56:00,0.968900025,0,0,55,0,1
12cx7,3:57:00,0.968900025,0,0,55,0,1
12cx7,3:58:00,0.968900025,0,0,55,0,1
12cx7,3:59:00,1.065790057,0,0,56,0,1
12cx7,4:00:00,0.968900025,0,0,55,0,1
12cx7,4:01:00,0.968900025,0,0,56,0,1
12cx7,4:02:00,0.968900025,0,0,59,0,1
12cx7,4:03:00,0.968900025,0,0,56,0,2
12cx7,4:04:00,0.968900025,0,0,51,0,1
12cx7,4:05:00,0.968900025,0,0,52,0,1
12cx7,4:06:00,0.968900025,0,0,54,0,1
12cx7,4:07:00,0.968900025,0,0,56,0,1
12cx7,4:08:00,0.968900025,0,0,53,0,1
12cx7,4:09:00,0.968900025,0,0,55,0,1
12cx7,4:10:00,0.968900025,0,0,56,0,1
12cx7,4:11:00,0.968900025,0,0,57,0,1
12cx7,4:12:00,0.968900025,0,0,57,0,1
12cx7,4:13:00,0.968900025,0,0,58,0,1
12cx7,4:14:00,0.968900025,0,0,56,0,1
12cx7,4:15:00,0.968900025,0,0,55,0,1
12cx7,4:16:00,0.968900025,0,0,56,0,1
12cx7,4:17:00,0.968900025,0,0,57,0,1
12cx7,4:18:00,0.968900025,0,0,55,0,1
12cx7,4:19:00,0.968900025,0,0,56,0,1
12cx7,4:20:00,0.968900025,0,0,56,0,1
12cx7,4:21:00,0.968900025,0,0,55,0,1
12cx7,4:22:00,0.968900025,0,0,56,0,1
12cx7,4:23:00,0.968900025,0,0,56,0,1
12cx7,4:24:00,0.968900025,0,0,57,0,1
12cx7,4:25:00,0.968900025,0,0,56,0,1
12cx7,4:26:00,0.968900025,0,0,55,0,1
12cx7,4:27:00,0.968900025,0,0,56,0,1
12cx7,4:28:00,0.968900025,0,0,56,0,1
12cx7,4:29:00,0.968900025,0,0,62,0,1
12cx7,4:30:00,0.968900025,0,0,57,0,1
12cx7,4:31:00,0.968900025,0,0,56,0,1
12cx7,4:32:00,0.968900025,0,0,60,0,1
12cx7,4:33:00,0.968900025,0,0,59,0,1
12cx7,4:34:00,0.968900025,0,0,56,0,1
12cx7,4:35:00,0.968900025,0,0,57,0,1
12cx7,4:36:00,0.968900025,0,0,59,0,1
12cx7,4:37:00,0.968900025,0,0,58,0,1
12cx7,4:38:00,0.968900025,0,0,56,0,1
12cx7,4:39:00,0.968900025,0,0,57,0,1
12cx7,4:40:00,0.968900025,0,0,58,0,1
12cx7,4:41:00,0.968900025,0,0,67,0,1
12cx7,4:42:00,0.968900025,0,0,57,0,1
12cx7,4:43:00,0.968900025,0,0,57,0,1
12cx7,4:44:00,0.968900025,0,0,57,0,1
12cx7,4:45:00,0.968900025,0,0,57,0,1
12cx7,4:46:00,0.968900025,0,0,56,0,1
12cx7,4:47:00,0.968900025,0,0,57,0,1
12cx7,4:48:00,0.968900025,0,0,57,0,1
12cx7,4:49:00,0.968900025,0,0,56,0,1
12cx7,4:50:00,0.968900025,0,0,56,0,1
12cx7,4:51:00,0.968900025,0,0,57,0,1
12cx7,4:52:00,0.968900025,0,0,56,0,1
12cx7,4:53:00,0.968900025,0,0,56,0,1
12cx7,4:54:00,0.968900025,0,0,56,0,1
12cx7,4:55:00,0.968900025,0,0,55,0,1
12cx7,4:56:00,0.968900025,0,0,54,0,1
12cx7,4:57:00,0.968900025,0,0,55,0,1
12cx7,4:58:00,0.968900025,0,0,57,0,1
12cx7,4:59:00,0.968900025,0,0,55,0,1
12cx7,5:00:00,0.968900025,0,0,56,0,1
12cx7,5:01:00,0.968900025,0,0,56,0,1
12cx7,5:02:00,0.968900025,0,0,55,0,1
12cx7,5:03:00,0.968900025,0,0,55,0,1
12cx7,5:04:00,0.968900025,0,0,54,0,1
12cx7,5:05:00,0.968900025,0,0,54,0,1
12cx7,5:06:00,0.968900025,0,0,54,0,1
12cx7,5:07:00,0.968900025,0,0,55,0,1
12cx7,5:08:00,0.968900025,0,0,55,0,1
12cx7,5:09:00,0.968900025,0,0,55,0,1
12cx7,5:10:00,0.968900025,0,0,55,0,1
12cx7,5:11:00,0.968900025,0,0,54,0,1
12cx7,5:12:00,0.968900025,0,0,54,0,1
12cx7,5:13:00,0.968900025,0,0,54,0,1
12cx7,5:14:00,0.968900025,0,0,54,0,1
12cx7,5:15:00,0.968900025,0,0,54,0,1
12cx7,5:16:00,0.968900025,0,0,55,0,1
12cx7,5:17:00,0.968900025,0,0,54,0,1
12cx7,5:18:00,0.968900025,0,0,55,0,1
12cx7,5:19:00,0.968900025,0,0,55,0,1
12cx7,5:20:00,0.968900025,0,0,55,0,1
12cx7,5:21:00,0.968900025,0,0,54,0,1
12cx7,5:22:00,0.968900025,0,0,55,0,1
12cx7,5:23:00,0.968900025,0,0,55,0,1
12cx7,5:24:00,0.968900025,0,0,52,0,1
12cx7,5:25:00,0.968900025,0,0,53,0,1
12cx7,5:26:00,0.968900025,0,0,54,0,1
12cx7,5:27:00,0.968900025,0,0,55,0,1
12cx7,5:28:00,0.968900025,0,0,55,0,1
12cx7,5:29:00,0.968900025,0,0,57,0,1
12cx7,5:30:00,0.968900025,0,0,57,0,1
12cx7,5:31:00,0.968900025,0,0,54,0,1
12cx7,5:32:00,0.968900025,0,0,53,0,1
12cx7,5:33:00,0.968900025,0,0,53,0,1
12cx7,5:34:00,0.968900025,0,0,55,0,1
12cx7,5:35:00,0.968900025,0,0,54,0,1
12cx7,5:36:00,0.968900025,0,0,52,0,1
12cx7,5:37:00,0.968900025,0,0,52,0,1
12cx7,5:38:00,0.968900025,0,0,54,0,1
12cx7,5:39:00,0.968900025,0,0,56,0,1
12cx7,5:40:00,0.968900025,0,0,56,0,1
12cx7,5:41:00,0.968900025,0,0,53,0,1
12cx7,5:42:00,0.968900025,0,0,54,0,1
12cx7,5:43:00,0.968900025,0,0,54,0,1
12cx7,5:44:00,0.968900025,0,0,54,0,1
12cx7,5:45:00,0.968900025,0,0,54,0,1
12cx7,5:46:00,0.968900025,0,0,57,0,1
12cx7,5:47:00,0.968900025,0,0,55,0,1
12cx7,5:48:00,0.968900025,0,0,57,0,1
12cx7,5:49:00,0.968900025,0,0,56,0,1
12cx7,5:50:00,0.968900025,0,0,53,0,1
12cx7,5:51:00,0.968900025,0,0,56,0,1
12cx7,5:52:00,0.968900025,0,0,64,0,1
12cx7,5:53:00,0.968900025,0,0,53,0,1
12cx7,5:54:00,0.968900025,0,0,54,0,1
12cx7,5:55:00,0.968900025,0,0,55,0,1
12cx7,5:56:00,0.968900025,0,0,55,0,1
12cx7,5:57:00,0.968900025,0,0,54,0,1
12cx7,5:58:00,0.968900025,0,0,52,0,1
12cx7,5:59:00,0.968900025,0,0,55,0,1
12cx7,6:00:00,0.968900025,0,0,56,0,1
12cx7,6:01:00,0.968900025,0,0,56,0,1
12cx7,6:02:00,0.968900025,0,0,56,0,1
12cx7,6:03:00,0.968900025,0,0,56,0,1
12cx7,6:04:00,0.968900025,0,0,54,0,1
12cx7,6:05:00,0.968900025,0,0,56,0,1
12cx7,6:06:00,0.968900025,0,0,58,0,1
12cx7,6:07:00,0.968900025,0,0,56,0,1
12cx7,6:08:00,0.968900025,0,0,59,0,1
12cx7,6:09:00,0.968900025,0,0,60,0,1
12cx7,6:10:00,0.968900025,0,0,57,0,1
12cx7,6:11:00,0.968900025,0,0,58,0,1
12cx7,6:12:00,0.968900025,0,0,57,0,1
12cx7,6:13:00,0.968900025,0,0,55,0,1
12cx7,6:14:00,0.968900025,0,0,55,0,1
12cx7,6:15:00,0.968900025,0,0,57,0,1
12cx7,6:16:00,1.065790057,0,0,66,0,1
12cx7,6:17:00,0.968900025,0,0,64,0,1
12cx7,6:18:00,0.968900025,0,0,,0,1
12cx7,6:19:00,0.968900025,0,0,,0,1
12cx7,6:20:00,0.968900025,0,0,,0,1
12cx7,6:21:00,0.968900025,0,0,62,0,1
12cx7,6:22:00,0.968900025,0,0,62,0,1
12cx7,6:23:00,0.968900025,0,0,,0,1
12cx7,6:24:00,0.968900025,0,0,61,0,1
12cx7,6:25:00,0.968900025,0,0,58,0,1
12cx7,6:26:00,0.968900025,0,0,56,0,1
12cx7,6:27:00,0.968900025,0,0,55,0,1
12cx7,6:28:00,0.968900025,0,0,55,0,1
12cx7,6:29:00,0.968900025,0,0,55,0,1
12cx7,6:30:00,0.968900025,0,0,55,0,1
12cx7,6:31:00,0.968900025,0,0,55,0,1
12cx7,6:32:00,0.968900025,0,0,53,0,1
12cx7,6:33:00,0.968900025,0,0,52,0,1
12cx7,6:34:00,0.968900025,0,0,52,0,1
12cx7,6:35:00,0.968900025,0,0,52,0,1
12cx7,6:36:00,0.968900025,0,0,52,0,1
12cx7,6:37:00,0.968900025,0,0,52,0,1
12cx7,6:38:00,0.968900025,0,0,51,0,1
12cx7,6:39:00,0.968900025,0,0,53,0,1
12cx7,6:40:00,0.968900025,0,0,54,0,1
12cx7,6:41:00,1.065790057,0,0,60,0,1
12cx7,6:42:00,0.968900025,0,0,63,0,1
12cx7,6:43:00,0.968900025,0,0,64,0,1
12cx7,6:44:00,0.968900025,0,0,70,0,1
12cx7,6:45:00,0.968900025,0,0,62,0,2
12cx7,6:46:00,0.968900025,0,0,61,0,1
12cx7,6:47:00,0.968900025,0,0,61,0,1
12cx7,6:48:00,0.968900025,0,0,64,0,1
12cx7,6:49:00,0.968900025,0,0,62,0,1
12cx7,6:50:00,0.968900025,0,0,60,0,1
12cx7,6:51:00,0.968900025,0,0,62,0,1
12cx7,6:52:00,0.968900025,0,0,66,0,1
12cx7,6:53:00,1.065790057,0,0,75,0,1
12cx7,6:54:00,0.968900025,0,0,68,0,1
12cx7,6:55:00,0.968900025,0,0,68,0,1
12cx7,6:56:00,0.968900025,0,0,67,0,1
12cx7,6:57:00,0.968900025,0,0,69,0,1
12cx7,6:58:00,0.968900025,0,0,68,0,1
12cx7,6:59:00,0.968900025,0,0,70,0,1
12cx7,7:00:00,0.968900025,0,0,72,0,1
12cx7,7:01:00,0.968900025,0,0,70,0,1
12cx7,7:02:00,0.968900025,0,0,66,0,1
12cx7,7:03:00,0.968900025,0,0,63,0,1
12cx7,7:04:00,0.968900025,0,0,66,0,1
12cx7,7:05:00,0.968900025,0,0,65,0,1
12cx7,7:06:00,0.968900025,0,0,64,0,1
12cx7,7:07:00,0.968900025,0,0,64,0,1
12cx7,7:08:00,0.968900025,0,0,64,0,1
12cx7,7:09:00,0.968900025,0,0,64,0,1
12cx7,7:10:00,0.968900025,0,0,61,0,1
12cx7,7:11:00,0.968900025,0,0,64,0,1
12cx7,7:12:00,1.065790057,0,0,58,0,1
12cx7,7:13:00,0.968900025,0,0,55,0,1
12cx7,7:14:00,0.968900025,0,0,55,0,1
12cx7,7:15:00,1.065790057,0,0,62,0,1
12cx7,7:16:00,2.71291995,0.008724052,0,70,20,
12cx7,7:17:00,0.968900025,0,0,,0,
12cx7,7:18:00,0.968900025,0,0,,0,
12cx7,7:19:00,0.968900025,0,0,,0,
12cx7,7:20:00,0.968900025,0,0,,0,
12cx7,7:21:00,0.968900025,0,0,,0,
12cx7,7:22:00,0.968900025,0,0,,0,
12cx7,7:23:00,0.968900025,0,0,,0,
12cx7,7:24:00,0.968900025,0,0,,0,
12cx7,7:25:00,0.968900025,0,0,,0,
12cx7,7:26:00,0.968900025,0,0,,0,
12cx7,7:27:00,0.968900025,0,0,,0,
12cx7,7:28:00,0.968900025,0,0,,0,
12cx7,7:29:00,1.065790057,0,0,,0,
12cx7,7:30:00,0.968900025,0,0,,0,
12cx7,7:31:00,0.968900025,0,0,,0,
12cx7,7:32:00,0.968900025,0,0,,0,
12cx7,7:33:00,2.32536006,0.003492106,0,88,8,
12cx7,7:34:00,2.519140005,0.003927066,0,81,9,
12cx7,7:35:00,3.10048008,0.01439717,0,85,33,
12cx7,7:36:00,2.519140005,0.003050933,0,81,7,
12cx7,7:37:00,2.71291995,0.007412958,0,87,17,
12cx7,7:38:00,2.71291995,0.007854132,0,93,18,
12cx7,7:39:00,2.906699896,0.006108079,0,101,14,
12cx7,7:40:00,3.48803997,0.009593971,0,96,22,
12cx7,7:41:00,1.259570003,0,0,91,0,
12cx7,7:42:00,3.10048008,0.010905065,0,89,25,
12cx7,7:43:00,3.681819916,0.024861062,0,96,57,
12cx7,7:44:00,3.48803997,0.014832131,0,100,34,
12cx7,7:45:00,3.294260025,0.005231945,0,96,12,
12cx7,7:46:00,3.10048008,0.008289091,0,89,19,
12cx7,7:47:00,3.294260025,0.017448103,0,93,40,
12cx7,7:48:00,3.294260025,0.01439717,0,90,33,
12cx7,7:49:00,5.232059956,0.041874204,0,99,96,
12cx7,7:50:00,5.03828001,0.040569324,0,96,93,
12cx7,7:51:00,5.03828001,0.040128153,0,97,92,
12cx7,7:52:00,5.232059956,0.042309165,0,95,97,
12cx7,7:53:00,5.03828001,0.038823273,0,95,89,
12cx7,7:54:00,4.844500065,0.038388312,0,93,88,
12cx7,7:55:00,4.650720119,0.034896206,0,94,80,
12cx7,7:56:00,4.650720119,0.034896206,0,95,80,
12cx7,7:57:00,4.650720119,0.034896206,0,92,80,
12cx7,7:58:00,3.8756001,0.028788127,0,89,66,
12cx7,7:59:00,5.425839901,0.044055216,0,91,101,
12cx7,8:00:00,3.8756001,0.027042074,0,91,62,
12cx7,8:01:00,3.8756001,0.028353168,0,87,65,
12cx7,8:02:00,5.619619846,0.044931352,0,87,103,
12cx7,8:03:00,3.48803997,0.022245089,0,82,51,
12cx7,8:04:00,5.425839901,0.042309165,0,93,97,
12cx7,8:05:00,5.232059956,0.043185297,0,96,99,
12cx7,8:06:00,5.425839901,0.04536631,0,93,104,
12cx7,8:07:00,5.03828001,0.039693192,0,92,91,
12cx7,8:08:00,4.456940174,0.032280233,1,95,74,
12cx7,8:09:00,5.232059956,0.041874204,0,88,96,
12cx7,8:10:00,4.263160229,0.0314041,0,84,72,
12cx7,8:11:00,4.650720119,0.034461245,0,84,79,
12cx7,8:12:00,5.03828001,0.038823273,0,84,89,
12cx7,8:13:00,2.519140005,0.005231945,0,82,12,
12cx7,8:14:00,1.065790057,0,0,71,0,
12cx7,8:15:00,2.519140005,0.004362026,0,60,10,
12cx7,8:16:00,1.065790057,0,0,66,0,
12cx7,8:17:00,1.065790057,0,0,68,0,
12cx7,8:18:00,1.065790057,0,0,66,0,
12cx7,8:19:00,1.065790057,0,0,68,0,
12cx7,8:20:00,2.32536006,0.004362026,0,69,10,
12cx7,8:21:00,2.519140005,0.006543039,0,68,15,
12cx7,8:22:00,1.065790057,0,0,68,0,
12cx7,8:23:00,1.065790057,0,0,65,0,
12cx7,8:24:00,1.065790057,0,0,61,0,
12cx7,8:25:00,2.32536006,0.004796986,0,64,11,
12cx7,8:26:00,2.32536006,0.004362026,0,62,10,
12cx7,8:27:00,2.32536006,0.003492106,0,61,8,
12cx7,8:28:00,1.065790057,0,0,66,0,
12cx7,8:29:00,2.71291995,0.009159012,0,68,21,
12cx7,8:30:00,2.519140005,0.006543039,0,69,15,
12cx7,8:31:00,1.065790057,0,0,60,0,
12cx7,8:32:00,1.065790057,0,0,58,0,
12cx7,8:33:00,0.968900025,0,0,60,0,
12cx7,8:34:00,0.968900025,0,0,60,0,
12cx7,8:35:00,0.968900025,0,0,61,0,
12cx7,8:36:00,0.968900025,0,0,59,0,
12cx7,8:37:00,0.968900025,0,0,62,0,
12cx7,8:38:00,0.968900025,0,0,64,0,
12cx7,8:39:00,2.32536006,0.004362026,0,62,10,
12cx7,8:40:00,0.968900025,0,0,61,0,
12cx7,8:41:00,0.968900025,0,0,65,0,
12cx7,8:42:00,2.131580114,0.002615973,0,68,6,
12cx7,8:43:00,0.968900025,0,0,63,0,
12cx7,8:44:00,0.968900025,0,0,63,0,
12cx7,8:45:00,1.065790057,0,0,65,0,
12cx7,8:46:00,2.519140005,0.007412958,0,65,17,
12cx7,8:47:00,0.968900025,0,0,60,0,
12cx7,8:48:00,0.968900025,0,0,61,0,
12cx7,8:49:00,0.968900025,0,0,65,0,
12cx7,8:50:00,2.32536006,0.003927066,0,66,9,
12cx7,8:51:00,0.968900025,0,0,64,0,
12cx7,8:52:00,0.968900025,0,0,64,0,
12cx7,8:53:00,1.065790057,0,0,69,0,
12cx7,8:54:00,2.71291995,0.009593971,0,64,22,
12cx7,8:55:00,0.968900025,0,0,63,0,
12cx7,8:56:00,2.131580114,0.002615973,0,64,6,
12cx7,8:57:00,0.968900025,0,0,61,0,
12cx7,8:58:00,0.968900025,0,0,62,0,
12cx7,8:59:00,2.32536006,0.003927066,0,72,9,
12cx7,9:00:00,2.32536006,0.003927066,0,72,9,
12cx7,9:01:00,2.32536006,0.002615973,0,64,6,
12cx7,9:02:00,0.968900025,0,0,67,0,
12cx7,9:03:00,1.065790057,0,0,64,0,
12cx7,9:04:00,2.131580114,0.001746053,0,68,4,
12cx7,9:05:00,2.32536006,0.004362026,0,62,10,
12cx7,9:06:00,0.968900025,0,0,62,0,
12cx7,9:07:00,0.968900025,0,0,63,0,
12cx7,9:08:00,0.968900025,0,0,67,0,
12cx7,9:09:00,2.32536006,0.003492106,0,66,8,
12cx7,9:10:00,0.968900025,0,0,65,0,
12cx7,9:11:00,0.968900025,0,0,65,0,
12cx7,9:12:00,0.968900025,0,0,67,0,
12cx7,9:13:00,0.968900025,0,0,62,0,
12cx7,9:14:00,0.968900025,0,0,65,0,
12cx7,9:15:00,0.968900025,0,0,62,0,
12cx7,9:16:00,2.131580114,0.001746053,0,66,4,
12cx7,9:17:00,0.968900025,0,0,63,0,
12cx7,9:18:00,0.968900025,0,0,72,0,
12cx7,9:19:00,1.065790057,0,0,63,0,
12cx7,9:20:00,0.968900025,0,0,67,0,
12cx7,9:21:00,1.065790057,0,0,65,0,
12cx7,9:22:00,1.065790057,0,0,65,0,
12cx7,9:23:00,0.968900025,0,0,63,0,
12cx7,9:24:00,0.968900025,0,0,67,0,
12cx7,9:25:00,1.065790057,0,0,66,0,
12cx7,9:26:00,0.968900025,0,0,62,0,
12cx7,9:27:00,0.968900025,0,0,64,0,
12cx7,9:28:00,1.065790057,0,0,66,0,
12cx7,9:29:00,2.131580114,0.002615973,0,68,6,
12cx7,9:30:00,1.065790057,0,0,62,0,
12cx7,9:31:00,1.065790057,0,0,64,0,
12cx7,9:32:00,0.968900025,0,0,61,0,
12cx7,9:33:00,0.968900025,0,0,63,0,
12cx7,9:34:00,0.968900025,0,0,64,0,
12cx7,9:35:00,0.968900025,0,0,61,0,
12cx7,9:36:00,0.968900025,0,0,60,0,
12cx7,9:37:00,0.968900025,0,0,63,0,
12cx7,9:38:00,1.065790057,0,0,66,0,
12cx7,9:39:00,2.32536006,0.003050933,0,62,7,
12cx7,9:40:00,0.968900025,0,0,64,0,
12cx7,9:41:00,0.968900025,0,0,63,0,
12cx7,9:42:00,1.065790057,0,0,65,0,
12cx7,9:43:00,0.968900025,0,0,59,0,
12cx7,9:44:00,0.968900025,0,0,62,0,
12cx7,9:45:00,0.968900025,0,0,66,0,
12cx7,9:46:00,0.968900025,0,0,61,0,
12cx7,9:47:00,0.968900025,0,0,64,0,
12cx7,9:48:00,0.968900025,0,0,62,0,
12cx7,9:49:00,1.065790057,0,0,62,0,
12cx7,9:50:00,2.32536006,0.003492106,0,59,8,
12cx7,9:51:00,0.968900025,0,0,62,0,
12cx7,9:52:00,0.968900025,0,0,61,0,
12cx7,9:53:00,0.968900025,0,0,60,0,
12cx7,9:54:00,0.968900025,0,0,63,0,
12cx7,9:55:00,0.968900025,0,0,58,0,
12cx7,9:56:00,0.968900025,0,0,60,0,
12cx7,9:57:00,0.968900025,0,0,60,0,
12cx7,9:58:00,0.968900025,0,0,60,0,
12cx7,9:59:00,0.968900025,0,0,63,0,
12cx7,10:00:00,0.968900025,0,0,62,0,
12cx7,10:01:00,0.968900025,0,0,63,0,
12cx7,10:02:00,0.968900025,0,0,62,0,
12cx7,10:03:00,1.065790057,0,0,64,0,
12cx7,10:04:00,1.065790057,0,0,67,0,
12cx7,10:05:00,0.968900025,0,0,60,0,
12cx7,10:06:00,1.065790057,0,0,65,0,
12cx7,10:07:00,1.065790057,0,0,64,0,
12cx7,10:08:00,0.968900025,0,0,65,0,
12cx7,10:09:00,2.71291995,0.010470104,0,77,24,
12cx7,10:10:00,4.456940174,0.032280233,0,78,74,
12cx7,10:11:00,3.294260025,0.017883062,0,80,41,
12cx7,10:12:00,2.71291995,0.007412958,0,83,17,
12cx7,10:13:00,5.425839901,0.043185297,0,79,99,
12cx7,10:14:00,2.32536006,0.002615973,0,61,6,
12cx7,10:15:00,0.968900025,0,0,62,0,
12cx7,10:16:00,0.968900025,0,0,64,0,
12cx7,10:17:00,0.968900025,0,0,63,0,
12cx7,10:18:00,2.519140005,0.006108079,0,73,14,
12cx7,10:19:00,2.32536006,0.003492106,0,61,8,
12cx7,10:20:00,1.065790057,0,0,61,0,
12cx7,10:21:00,1.065790057,0,0,64,0,
12cx7,10:22:00,0.968900025,0,0,64,0,
12cx7,10:23:00,0.968900025,0,0,58,0,
12cx7,10:24:00,0.968900025,0,0,61,0,
12cx7,10:25:00,0.968900025,0,0,59,0,
12cx7,10:26:00,0.968900025,0,0,64,0,
12cx7,10:27:00,0.968900025,0,0,64,0,
12cx7,10:28:00,0.968900025,0,0,64,0,
12cx7,10:29:00,0.968900025,0,0,67,0,
12cx7,10:30:00,1.065790057,0,0,59,0,
12cx7,10:31:00,0.968900025,0,0,65,0,
12cx7,10:32:00,0.968900025,0,0,68,0,
12cx7,10:33:00,0.968900025,0,0,66,0,
12cx7,10:34:00,1.065790057,0,0,64,0,
12cx7,10:35:00,2.32536006,0.004362026,0,71,10,
12cx7,10:36:00,1.065790057,0,0,67,0,
12cx7,10:37:00,1.065790057,0,0,64,0,
12cx7,10:38:00,1.065790057,0,0,68,0,
12cx7,10:39:00,1.065790057,0,0,82,0,
12cx7,10:40:00,6.394740105,0.052344311,0,91,120,
12cx7,10:41:00,3.48803997,0.020499036,0,83,47,
12cx7,10:42:00,3.10048008,0.013086078,0,80,30,
12cx7,10:43:00,3.48803997,0.021375168,0,93,49,
12cx7,10:44:00,3.681819916,0.022680048,0,67,52,
12cx7,10:45:00,0.968900025,0,0,58,0,
12cx7,10:46:00,0.968900025,0,0,61,0,
12cx7,10:47:00,0.968900025,0,0,57,0,
12cx7,10:48:00,0.968900025,0,0,57,0,
12cx7,10:49:00,0.968900025,0,0,57,0,
12cx7,10:50:00,0.968900025,0,0,58,0,
12cx7,10:51:00,0.968900025,0,0,58,0,
12cx7,10:52:00,0.968900025,0,0,60,0,
12cx7,10:53:00,0.968900025,0,0,60,0,
12cx7,10:54:00,0.968900025,0,0,59,0,
12cx7,10:55:00,0.968900025,0,0,61,0,
12cx7,10:56:00,0.968900025,0,0,61,0,
12cx7,10:57:00,0.968900025,0,0,62,0,
12cx7,10:58:00,0.968900025,0,0,63,0,
12cx7,10:59:00,0.968900025,0,0,63,0,
12cx7,11:00:00,0.968900025,0,0,64,0,
12cx7,11:01:00,0.968900025,0,0,64,0,
12cx7,11:02:00,0.968900025,0,0,63,0,
12cx7,11:03:00,0.968900025,0,0,64,0,
12cx7,11:04:00,0.968900025,0,0,63,0,
12cx7,11:05:00,0.968900025,0,0,62,0,
12cx7,11:06:00,0.968900025,0,0,67,0,
12cx7,11:07:00,0.968900025,0,0,68,0,
12cx7,11:08:00,1.065790057,0,0,63,0,
12cx7,11:09:00,0.968900025,0,0,62,0,
12cx7,11:10:00,0.968900025,0,0,64,0,
12cx7,11:11:00,0.968900025,0,0,63,0,
12cx7,11:12:00,0.968900025,0,0,63,0,
12cx7,11:13:00,1.065790057,0,0,64,0,
12cx7,11:14:00,1.065790057,0,0,65,0,
12cx7,11:15:00,0.968900025,0,0,67,0,
12cx7,11:16:00,0.968900025,0,0,63,0,
12cx7,11:17:00,1.065790057,0,0,63,0,
12cx7,11:18:00,1.065790057,0,0,67,0,
12cx7,11:19:00,1.065790057,0,0,71,0,
12cx7,11:20:00,1.065790057,0,0,61,0,
12cx7,11:21:00,1.065790057,0,0,60,0,
12cx7,11:22:00,1.065790057,0,0,67,0,
12cx7,11:23:00,0.968900025,0,0,72,0,
12cx7,11:24:00,1.065790057,0,0,73,0,
12cx7,11:25:00,1.065790057,0,0,74,0,
12cx7,11:26:00,0.968900025,0,0,74,0,
12cx7,11:27:00,0.968900025,0,0,70,0,
12cx7,11:28:00,0.968900025,0,0,69,0,
12cx7,11:29:00,0.968900025,0,0,66,0,
12cx7,11:30:00,0.968900025,0,0,62,0,
12cx7,11:31:00,0.968900025,0,0,64,0,
12cx7,11:32:00,1.065790057,0,0,68,0,
12cx7,11:33:00,2.71291995,0.010470104,0,76,24,
12cx7,11:34:00,2.519140005,0.004796986,0,72,11,
12cx7,11:35:00,2.71291995,0.010470104,0,82,24,
12cx7,11:36:00,2.519140005,0.003927066,0,75,9,
12cx7,11:37:00,0.968900025,0,0,68,0,
12cx7,11:38:00,0.968900025,0,0,67,0,
12cx7,11:39:00,1.065790057,0,0,60,0,
12cx7,11:40:00,0.968900025,0,0,62,0,
12cx7,11:41:00,0.968900025,0,0,62,0,
12cx7,11:42:00,0.968900025,0,0,63,0,
12cx7,11:43:00,0.968900025,0,0,64,0,
12cx7,11:44:00,0.968900025,0,0,62,0,
12cx7,11:45:00,0.968900025,0,0,64,0,
12cx7,11:46:00,0.968900025,0,0,64,0,
12cx7,11:47:00,0.968900025,0,0,63,0,
12cx7,11:48:00,0.968900025,0,0,59,0,
12cx7,11:49:00,1.065790057,0,0,65,0,
12cx7,11:50:00,1.065790057,0,0,67,0,
12cx7,11:51:00,1.065790057,0,0,71,0,
12cx7,11:52:00,0.968900025,0,0,69,0,
12cx7,11:53:00,3.294260025,0.018759197,0,79,43,
12cx7,11:54:00,2.32536006,0.003050933,0,74,7,
12cx7,11:55:00,1.065790057,0,0,71,0,
12cx7,11:56:00,1.065790057,0,0,68,0,
12cx7,11:57:00,0.968900025,0,0,67,0,
12cx7,11:58:00,0.968900025,0,0,69,0,
12cx7,11:59:00,2.71291995,0.008724052,0,68,20,
12cx7,12:00:00,1.065790057,0,0,66,0,
12cx7,12:01:00,0.968900025,0,0,67,0,
12cx7,12:02:00,1.065790057,0,0,64,0,
12cx7,12:03:00,0.968900025,0,0,65,0,
12cx7,12:04:00,0.968900025,0,0,65,0,
12cx7,12:05:00,0.968900025,0,0,62,0,
12cx7,12:06:00,0.968900025,0,0,62,0,
12cx7,12:07:00,0.968900025,0,0,62,0,
12cx7,12:08:00,0.968900025,0,0,64,0,
12cx7,12:09:00,0.968900025,0,0,68,0,
12cx7,12:10:00,0.968900025,0,0,69,0,
12cx7,12:11:00,0.968900025,0,0,67,0,
12cx7,12:12:00,0.968900025,0,0,65,0,
12cx7,12:13:00,0.968900025,0,0,67,0,
12cx7,12:14:00,0.968900025,0,0,74,0,
12cx7,12:15:00,1.065790057,0,0,76,0,
12cx7,12:16:00,2.519140005,0.005673119,0,79,13,
12cx7,12:17:00,2.71291995,0.008289091,0,77,19,
12cx7,12:18:00,0.968900025,0,0,73,0,
12cx7,12:19:00,0.968900025,0,0,71,0,
12cx7,12:20:00,0.968900025,0,0,77,0,
12cx7,12:21:00,0.968900025,0,0,80,0,
12cx7,12:22:00,0.968900025,0,0,73,0,
12cx7,12:23:00,2.32536006,0.003050933,0,71,7,
12cx7,12:24:00,0.968900025,0,0,76,0,
12cx7,12:25:00,0.968900025,0,0,78,0,
12cx7,12:26:00,0.968900025,0,0,72,0,
12cx7,12:27:00,0.968900025,0,0,71,0,
12cx7,12:28:00,0.968900025,0,0,72,0,
12cx7,12:29:00,0.968900025,0,0,76,0,
12cx7,12:30:00,0.968900025,0,0,73,0,
12cx7,12:31:00,2.32536006,0.001746053,0,76,4,
12cx7,12:32:00,0.968900025,0,0,76,0,
12cx7,12:33:00,0.968900025,0,0,74,0,
12cx7,12:34:00,0.968900025,0,0,73,0,
12cx7,12:35:00,0.968900025,0,0,76,0,
12cx7,12:36:00,0.968900025,0,0,78,0,
12cx7,12:37:00,1.065790057,0,0,79,0,
12cx7,12:38:00,0.968900025,0,0,75,0,
12cx7,12:39:00,1.065790057,0,0,74,0,
12cx7,12:40:00,0.968900025,0,0,77,0,
12cx7,12:41:00,1.065790057,0,0,76,0,
12cx7,12:42:00,2.32536006,0.003050933,0,72,7,
12cx7,12:43:00,1.065790057,0,0,70,0,
12cx7,12:44:00,0.968900025,0,0,70,0,
12cx7,12:45:00,0.968900025,0,0,70,0,
12cx7,12:46:00,0.968900025,0,0,74,0,
12cx7,12:47:00,0.968900025,0,0,73,0,
12cx7,12:48:00,0.968900025,0,0,74,0,
12cx7,12:49:00,0.968900025,0,0,75,0,
12cx7,12:50:00,0.968900025,0,0,76,0,
12cx7,12:51:00,0.968900025,0,0,81,0,
12cx7,12:52:00,0.968900025,0,0,76,0,
12cx7,12:53:00,0.968900025,0,0,76,0,
12cx7,12:54:00,0.968900025,0,0,75,0,
12cx7,12:55:00,0.968900025,0,0,68,0,
12cx7,12:56:00,0.968900025,0,0,67,0,
12cx7,12:57:00,0.968900025,0,0,70,0,
12cx7,12:58:00,0.968900025,0,0,72,0,
12cx7,12:59:00,0.968900025,0,0,73,0,
12cx7,13:00:00,0.968900025,0,0,71,0,
12cx7,13:01:00,0.968900025,0,0,68,0,
12cx7,13:02:00,1.065790057,0,0,61,0,
12cx7,13:03:00,2.906699896,0.014832131,0,83,34,
12cx7,13:04:00,4.650720119,0.035331167,0,95,81,
12cx7,13:05:00,4.456940174,0.030969141,0,89,71,
12cx7,13:06:00,2.519140005,0.003927066,0,88,9,
12cx7,13:07:00,3.681819916,0.024426101,0,97,56,
12cx7,13:08:00,3.8756001,0.026172156,0,102,60,
12cx7,13:09:00,5.232059956,0.040569324,0,101,93,
12cx7,13:10:00,5.425839901,0.044055216,0,110,101,
12cx7,13:11:00,5.425839901,0.042750336,0,106,98,
12cx7,13:12:00,5.232059956,0.040128153,0,103,92,
12cx7,13:13:00,5.232059956,0.040128153,0,103,92,
12cx7,13:14:00,5.232059956,0.041004285,0,109,94,
12cx7,13:15:00,4.844500065,0.030969141,0,105,71,
12cx7,13:16:00,5.619619846,0.044931352,0,99,103,
12cx7,13:17:00,4.844500065,0.037077218,0,98,85,
12cx7,13:18:00,4.456940174,0.032715194,0,99,75,
12cx7,13:19:00,4.456940174,0.0314041,0,99,72,
12cx7,13:20:00,4.069379807,0.027483247,0,99,63,
12cx7,13:21:00,3.48803997,0.013086078,0,88,30,
12cx7,13:22:00,3.10048008,0.01439717,0,97,33,
12cx7,13:23:00,4.456940174,0.033150151,0,94,76,
12cx7,13:24:00,4.844500065,0.037947137,0,95,87,
12cx7,13:25:00,5.03828001,0.040569324,0,98,93,
12cx7,13:26:00,5.232059956,0.043185297,0,101,99,
12cx7,13:27:00,4.263160229,0.028788127,0,99,66,
12cx7,13:28:00,4.069379807,0.029223086,0,99,67,
12cx7,13:29:00,4.069379807,0.025737194,0,99,59,
12cx7,13:30:00,4.456940174,0.032715194,0,98,75,
12cx7,13:31:00,4.844500065,0.037077218,0,101,85,
12cx7,13:32:00,5.232059956,0.042309165,0,103,97,
12cx7,13:33:00,4.844500065,0.035766125,0,105,82,
12cx7,13:34:00,5.619619846,0.047112364,0,102,108,
12cx7,13:35:00,5.232059956,0.042309165,0,102,97,
12cx7,13:36:00,5.813399792,0.050163295,0,101,115,
12cx7,13:37:00,5.425839901,0.046236232,0,100,106,
12cx7,13:38:00,5.232059956,0.041004285,0,101,94,
12cx7,13:39:00,5.232059956,0.041439246,0,92,95,
12cx7,13:40:00,1.259570003,0,0,85,0,
12cx7,13:41:00,2.906699896,0.011340024,0,89,26,
12cx7,13:42:00,2.906699896,0.007854132,0,86,18,
12cx7,13:43:00,2.519140005,0.003050933,0,86,7,
12cx7,13:44:00,2.71291995,0.006543039,0,90,15,
12cx7,13:45:00,2.906699896,0.007412958,0,97,17,
12cx7,13:46:00,3.10048008,0.006977999,0,89,16,
12cx7,13:47:00,1.259570003,0,0,85,0,
12cx7,13:48:00,3.10048008,0.013955997,0,76,32,
12cx7,13:49:00,1.065790057,0,0,74,0,
12cx7,13:50:00,0.968900025,0,0,69,0,
12cx7,13:51:00,2.906699896,0.013521037,0,83,31,
12cx7,13:52:00,2.906699896,0.012216157,0,87,28,
12cx7,13:53:00,3.10048008,0.014832131,0,89,34,
12cx7,13:54:00,3.294260025,0.01439717,0,94,33,
12cx7,13:55:00,1.259570003,0,0,95,0,
12cx7,13:56:00,3.10048008,0.007412958,0,89,17,
12cx7,13:57:00,1.259570003,0,0,90,0,
12cx7,13:58:00,2.71291995,0.006543039,0,95,15,
12cx7,13:59:00,1.16268003,0,0,96,0,
12cx7,14:00:00,1.16268003,0,0,96,0,
12cx7,14:01:00,1.16268003,0,0,96,0,
12cx7,14:02:00,1.16268003,0,0,98,0,
12cx7,14:03:00,3.10048008,0.003927066,0,99,9,
12cx7,14:04:00,3.10048008,0.002615973,0,98,6,
12cx7,14:05:00,3.294260025,0.009593971,0,98,22,
12cx7,14:06:00,1.259570003,0,0,96,0,
12cx7,14:07:00,1.16268003,0,0,89,0,
12cx7,14:08:00,1.16268003,0,0,85,0,
12cx7,14:09:00,1.16268003,0,0,79,0,
12cx7,14:10:00,1.065790057,0,0,80,0,
12cx7,14:11:00,1.065790057,0,0,91,0,
12cx7,14:12:00,1.16268003,0,0,92,0,
12cx7,14:13:00,2.906699896,0.005231945,0,94,12,
12cx7,14:14:00,1.259570003,0,0,94,0,
12cx7,14:15:00,0.968900025,0,0,,0,
12cx7,14:16:00,0.968900025,0,0,,0,
12cx7,14:17:00,0.968900025,0,0,,0,
12cx7,14:18:00,0.968900025,0,0,,0,
12cx7,14:19:00,0.968900025,0,0,,0,
12cx7,14:20:00,0.968900025,0,0,,0,
12cx7,14:21:00,0.968900025,0,0,,0,
12cx7,14:22:00,0.968900025,0,0,,0,
12cx7,14:23:00,0.968900025,0,0,,0,
12cx7,14:24:00,0.968900025,0,0,,0,
12cx7,14:25:00,0.968900025,0,0,,0,
12cx7,14:26:00,0.968900025,0,0,,0,
12cx7,14:27:00,0.968900025,0,0,,0,
12cx7,14:28:00,0.968900025,0,0,,0,
12cx7,14:29:00,0.968900025,0,0,,0,
12cx7,14:30:00,0.968900025,0,0,,0,
12cx7,14:31:00,0.968900025,0,0,,0,
12cx7,14:32:00,0.968900025,0,0,,0,
12cx7,14:33:00,0.968900025,0,0,,0,
12cx7,14:34:00,0.968900025,0,0,,0,
12cx7,14:35:00,1.065790057,0,0,,0,
12cx7,14:36:00,0.968900025,0,0,,0,
12cx7,14:37:00,0.968900025,0,0,,0,
12cx7,14:38:00,0.968900025,0,0,,0,
12cx7,14:39:00,0.968900025,0,0,,0,
12cx7,14:40:00,0.968900025,0,0,,0,
12cx7,14:41:00,0.968900025,0,0,,0,
12cx7,14:42:00,0.968900025,0,0,,0,
12cx7,14:43:00,0.968900025,0,0,,0,
12cx7,14:44:00,0.968900025,0,0,,0,
12cx7,14:45:00,0.968900025,0,0,,0,
12cx7,14:46:00,0.968900025,0,0,,0,
12cx7,14:47:00,0.968900025,0,0,,0,
12cx7,14:48:00,0.968900025,0,0,,0,
12cx7,14:49:00,0.968900025,0,0,,0,
12cx7,14:50:00,0.968900025,0,0,,0,
12cx7,14:51:00,0.968900025,0,0,,0,
12cx7,14:52:00,0.968900025,0,0,,0,
12cx7,14:53:00,0.968900025,0,0,,0,
12cx7,14:54:00,0.968900025,0,0,,0,
12cx7,14:55:00,0.968900025,0,0,,0,
12cx7,14:56:00,0.968900025,0,0,,0,
12cx7,14:57:00,0.968900025,0,0,,0,
12cx7,14:58:00,0.968900025,0,0,,0,
12cx7,14:59:00,0.968900025,0,0,,0,
12cx7,15:00:00,0.968900025,0,0,,0,
12cx7,15:01:00,0.968900025,0,0,,0,
12cx7,15:02:00,0.968900025,0,0,,0,
12cx7,15:03:00,0.968900025,0,0,,0,
12cx7,15:04:00,0.968900025,0,0,,0,
12cx7,15:05:00,0.968900025,0,0,,0,
12cx7,15:06:00,0.968900025,0,0,,0,
12cx7,15:07:00,0.968900025,0,0,,0,
12cx7,15:08:00,0.968900025,0,0,,0,
12cx7,15:09:00,0.968900025,0,0,,0,
12cx7,15:10:00,0.968900025,0,0,,0,
12cx7,15:11:00,0.968900025,0,0,,0,
12cx7,15:12:00,0.968900025,0,0,,0,
12cx7,15:13:00,1.065790057,0,0,95,0,
12cx7,15:14:00,3.48803997,0.016137009,0,102,37,
12cx7,15:15:00,4.069379807,0.022680048,0,94,52,
12cx7,15:16:00,3.48803997,0.016578183,0,91,38,
12cx7,15:17:00,2.906699896,0.008289091,0,90,19,
12cx7,15:18:00,3.294260025,0.014832131,0,87,34,
12cx7,15:19:00,2.906699896,0.010470104,0,90,24,
12cx7,15:20:00,3.10048008,0.011340024,0,96,26,
12cx7,15:21:00,3.10048008,0.006543039,0,100,15,
12cx7,15:22:00,3.48803997,0.013955997,0,89,32,
12cx7,15:23:00,2.71291995,0.005673119,0,91,13,
12cx7,15:24:00,2.906699896,0.009593971,0,86,22,
12cx7,15:25:00,3.10048008,0.011774984,0,87,27,
12cx7,15:26:00,2.906699896,0.009159012,0,92,21,
12cx7,15:27:00,2.71291995,0.005231945,0,86,12,
12cx7,15:28:00,1.259570003,0,0,87,0,
12cx7,15:29:00,3.10048008,0.013521037,0,91,31,
12cx7,15:30:00,2.906699896,0.005673119,0,88,13,
12cx7,15:31:00,3.681819916,0.025737194,0,94,59,
12cx7,15:32:00,4.456940174,0.0314041,0,99,72,
12cx7,15:33:00,4.456940174,0.031845275,0,108,73,
12cx7,15:34:00,4.844500065,0.030969141,0,100,71,
12cx7,15:35:00,4.650720119,0.033585113,0,99,77,
12cx7,15:36:00,3.681819916,0.018759197,0,85,43,
12cx7,15:37:00,3.48803997,0.021375168,0,93,49,
12cx7,15:38:00,4.650720119,0.035331167,0,105,81,
12cx7,15:39:00,4.844500065,0.032715194,0,113,75,
12cx7,15:40:00,4.844500065,0.029664261,0,109,68,
12cx7,15:41:00,4.456940174,0.029223086,0,105,67,
12cx7,15:42:00,5.425839901,0.042750336,0,101,98,
12cx7,15:43:00,3.8756001,0.020940209,0,107,48,
12cx7,15:44:00,4.844500065,0.032715194,0,108,75,
12cx7,15:45:00,4.844500065,0.0314041,0,102,72,
12cx7,15:46:00,4.650720119,0.033150151,0,102,76,
12cx7,15:47:00,4.844500065,0.034896206,2,106,80,
12cx7,15:48:00,5.619619846,0.044931352,5,98,103,
12cx7,15:49:00,5.03828001,0.038823273,0,89,89,
12cx7,15:50:00,3.294260025,0.017448103,0,89,40,
12cx7,15:51:00,4.456940174,0.032280233,0,96,74,
12cx7,15:52:00,4.069379807,0.028788127,0,99,66,
12cx7,15:53:00,3.681819916,0.017448103,0,90,40,
12cx7,15:54:00,3.294260025,0.016578183,0,84,38,
12cx7,15:55:00,1.065790057,0,0,77,0,
12cx7,15:56:00,0.968900025,0,0,78,0,
12cx7,15:57:00,1.065790057,0,0,77,0,
12cx7,15:58:00,0.968900025,0,0,76,0,
12cx7,15:59:00,2.32536006,0.003492106,0,70,8,
12cx7,16:00:00,1.065790057,0,0,69,0,
12cx7,16:01:00,0.968900025,0,0,73,0,
12cx7,16:02:00,0.968900025,0,0,72,0,
12cx7,16:03:00,0.968900025,0,0,69,0,
12cx7,16:04:00,0.968900025,0,0,69,0,
12cx7,16:05:00,0.968900025,0,0,71,0,
12cx7,16:06:00,1.065790057,0,0,69,0,
12cx7,16:07:00,1.065790057,0,0,67,0,
12cx7,16:08:00,1.065790057,0,0,70,0,
12cx7,16:09:00,2.32536006,0.003492106,0,71,8,
12cx7,16:10:00,1.065790057,0,0,73,0,
12cx7,16:11:00,0.968900025,0,0,72,0,
12cx7,16:12:00,0.968900025,0,0,71,0,
12cx7,16:13:00,0.968900025,0,0,70,0,
12cx7,16:14:00,0.968900025,0,0,72,0,
12cx7,16:15:00,0.968900025,0,0,68,0,
12cx7,16:16:00,0.968900025,0,0,71,0,
12cx7,16:17:00,0.968900025,0,0,71,0,
12cx7,16:18:00,0.968900025,0,0,72,0,
12cx7,16:19:00,0.968900025,0,0,71,0,
12cx7,16:20:00,0.968900025,0,0,69,0,
12cx7,16:21:00,0.968900025,0,0,68,0,
12cx7,16:22:00,0.968900025,0,0,71,0,
12cx7,16:23:00,0.968900025,0,0,73,0,
12cx7,16:24:00,0.968900025,0,0,72,0,
12cx7,16:25:00,2.32536006,0.003492106,0,71,8,
12cx7,16:26:00,0.968900025,0,0,71,0,
12cx7,16:27:00,0.968900025,0,0,73,0,
12cx7,16:28:00,0.968900025,0,0,73,0,
12cx7,16:29:00,0.968900025,0,0,70,0,
12cx7,16:30:00,0.968900025,0,0,72,0,
12cx7,16:31:00,0.968900025,0,0,75,0,
12cx7,16:32:00,0.968900025,0,0,76,0,
12cx7,16:33:00,0.968900025,0,2,72,55,
12cx7,16:34:00,0.968900025,0,0,71,0,
12cx7,16:35:00,0.968900025,0,2,72,43,
12cx7,16:36:00,0.968900025,0,0,72,0,
12cx7,16:37:00,0.968900025,0,0,70,0,
12cx7,16:38:00,0.968900025,0,0,71,0,
12cx7,16:39:00,2.32536006,0.002615973,0,69,6,
12cx7,16:40:00,0.968900025,0,0,72,0,
12cx7,16:41:00,0.968900025,0,1,71,15,
12cx7,16:42:00,0.968900025,0,0,70,0,
12cx7,16:43:00,0.968900025,0,0,74,0,
12cx7,16:44:00,0.968900025,0,0,70,0,
12cx7,16:45:00,0.968900025,0,0,73,0,
12cx7,16:46:00,0.968900025,0,0,73,0,
12cx7,16:47:00,0.968900025,0,0,76,0,
12cx7,16:48:00,1.065790057,0,0,73,0,
12cx7,16:49:00,0.968900025,0,0,70,0,
12cx7,16:50:00,0.968900025,0,0,70,0,
12cx7,16:51:00,1.065790057,0,0,71,0,
12cx7,16:52:00,0.968900025,0,0,72,0,
12cx7,16:53:00,0.968900025,0,0,70,0,
12cx7,16:54:00,0.968900025,0,0,68,0,
12cx7,16:55:00,0.968900025,0,0,68,0,
12cx7,16:56:00,0.968900025,0,0,70,0,
12cx7,16:57:00,0.968900025,0,0,70,0,
12cx7,16:58:00,0.968900025,0,0,70,0,
12cx7,16:59:00,0.968900025,0,0,68,0,
12cx7,17:00:00,0.968900025,0,0,69,0,
12cx7,17:01:00,1.065790057,0,0,69,0,
12cx7,17:02:00,0.968900025,0,0,70,0,
12cx7,17:03:00,0.968900025,0,0,69,0,
12cx7,17:04:00,0.968900025,0,0,69,0,
12cx7,17:05:00,0.968900025,0,0,70,0,
12cx7,17:06:00,2.519140005,0.006543039,0,78,15,
12cx7,17:07:00,4.456940174,0.031845275,0,83,73,
12cx7,17:08:00,3.8756001,0.029664261,0,75,68,
12cx7,17:09:00,1.065790057,0,0,77,0,
12cx7,17:10:00,3.48803997,0.023556182,0,79,54,
12cx7,17:11:00,3.294260025,0.017883062,0,73,41,
12cx7,17:12:00,2.519140005,0.004362026,0,69,10,
12cx7,17:13:00,1.065790057,0,0,69,0,
12cx7,17:14:00,1.065790057,0,0,68,0,
12cx7,17:15:00,1.065790057,0,0,69,0,
12cx7,17:16:00,2.32536006,0.002615973,0,72,6,
12cx7,17:17:00,3.294260025,0.020940209,0,77,48,
12cx7,17:18:00,3.48803997,0.022680048,0,79,52,
12cx7,17:19:00,2.519140005,0.006977999,0,80,16,
12cx7,17:20:00,2.906699896,0.010470104,0,79,24,
12cx7,17:21:00,2.71291995,0.007854132,0,82,18,
12cx7,17:22:00,2.32536006,0.001311093,0,70,3,
12cx7,17:23:00,1.065790057,0,0,71,0,
12cx7,17:24:00,2.519140005,0.006543039,0,72,15,
12cx7,17:25:00,2.71291995,0.009593971,0,67,22,
12cx7,17:26:00,1.065790057,0,0,65,0,
12cx7,17:27:00,1.065790057,0,0,67,0,
12cx7,17:28:00,1.065790057,0,0,59,0,
12cx7,17:29:00,1.065790057,0,0,62,0,
12cx7,17:30:00,2.32536006,0.004362026,0,65,10,
12cx7,17:31:00,2.519140005,0.006108079,0,71,14,
12cx7,17:32:00,2.32536006,0.003050933,3,70,22,
12cx7,17:33:00,0.968900025,0,1,68,12,
12cx7,17:34:00,2.519140005,0.005673119,1,66,13,
12cx7,17:35:00,2.32536006,0.003492106,2,65,18,
12cx7,17:36:00,0.968900025,0,4,65,33,
12cx7,17:37:00,2.32536006,0.004362026,1,65,10,
12cx7,17:38:00,0.968900025,0,0,65,0,
12cx7,17:39:00,0.968900025,0,0,64,0,
12cx7,17:40:00,1.065790057,0,0,66,0,
12cx7,17:41:00,2.519140005,0.006977999,0,70,16,
12cx7,17:42:00,0.968900025,0,1,69,16,
12cx7,17:43:00,0.968900025,0,2,65,17,
12cx7,17:44:00,0.968900025,0,0,63,0,
12cx7,17:45:00,1.065790057,0,0,63,0,
12cx7,17:46:00,0.968900025,0,0,68,0,
12cx7,17:47:00,2.131580114,0.002181013,1,71,18,
12cx7,17:48:00,0.968900025,0,0,66,0,
12cx7,17:49:00,0.968900025,0,0,64,0,
12cx7,17:50:00,0.968900025,0,0,64,0,
12cx7,17:51:00,0.968900025,0,0,64,0,
12cx7,17:52:00,0.968900025,0,0,64,0,
12cx7,17:53:00,0.968900025,0,0,65,0,
12cx7,17:54:00,0.968900025,0,0,65,0,
12cx7,17:55:00,0.968900025,0,0,63,0,
12cx7,17:56:00,0.968900025,0,0,66,0,
12cx7,17:57:00,0.968900025,0,0,67,0,
12cx7,17:58:00,0.968900025,0,0,67,0,
12cx7,17:59:00,0.968900025,0,0,67,0,
12cx7,18:00:00,1.065790057,0,0,67,0,
12cx7,18:01:00,0.968900025,0,0,67,0,
12cx7,18:02:00,0.968900025,0,0,68,0,
12cx7,18:03:00,0.968900025,0,0,66,0,
12cx7,18:04:00,0.968900025,0,0,65,0,
12cx7,18:05:00,0.968900025,0,0,64,0,
12cx7,18:06:00,0.968900025,0,0,64,0,
12cx7,18:07:00,0.968900025,0,0,66,0,
12cx7,18:08:00,0.968900025,0,0,66,0,
12cx7,18:09:00,0.968900025,0,0,65,0,
12cx7,18:10:00,0.968900025,0,0,65,0,
12cx7,18:11:00,1.065790057,0,0,64,0,
12cx7,18:12:00,0.968900025,0,0,64,0,
12cx7,18:13:00,0.968900025,0,0,65,0,
12cx7,18:14:00,0.968900025,0,0,64,0,
12cx7,18:15:00,0.968900025,0,0,65,0,
12cx7,18:16:00,1.065790057,0,0,64,0,
12cx7,18:17:00,0.968900025,0,0,64,0,
12cx7,18:18:00,0.968900025,0,0,,0,
12cx7,18:19:00,0.968900025,0,0,,0,
12cx7,18:20:00,0.968900025,0,0,,0,
12cx7,18:21:00,0.968900025,0,0,67,0,
12cx7,18:22:00,0.968900025,0,0,67,0,
12cx7,18:23:00,0.968900025,0,0,66,0,
12cx7,18:24:00,0.968900025,0,0,68,0,
12cx7,18:25:00,0.968900025,0,0,67,0,
12cx7,18:26:00,0.968900025,0,0,66,0,
12cx7,18:27:00,0.968900025,0,0,67,0,
12cx7,18:28:00,0.968900025,0,0,67,0,
12cx7,18:29:00,0.968900025,0,0,67,0,
12cx7,18:30:00,2.131580114,0.002181013,0,69,5,
12cx7,18:31:00,0.968900025,0,0,70,0,
12cx7,18:32:00,1.065790057,0,0,70,0,
12cx7,18:33:00,1.065790057,0,0,79,0,
12cx7,18:34:00,3.8756001,0.027483247,0,79,63,
12cx7,18:35:00,2.906699896,0.013955997,0,81,32,
12cx7,18:36:00,3.10048008,0.01439717,0,84,33,
12cx7,18:37:00,4.263160229,0.030969141,0,86,71,
12cx7,18:38:00,5.03828001,0.038823273,0,95,89,
12cx7,18:39:00,4.844500065,0.037512179,0,85,86,
12cx7,18:40:00,2.71291995,0.009159012,0,82,21,
12cx7,18:41:00,2.519140005,0.004362026,0,97,10,
12cx7,18:42:00,1.259570003,0,0,73,0,
12cx7,18:43:00,1.065790057,0,0,67,0,
12cx7,18:44:00,1.065790057,0,0,69,0,
12cx7,18:45:00,2.519140005,0.006977999,0,67,16,
12cx7,18:46:00,1.065790057,0,0,64,0,
12cx7,18:47:00,2.131580114,0.002181013,0,73,5,
12cx7,18:48:00,4.844500065,0.034461245,0,85,79,
12cx7,18:49:00,4.650720119,0.034026287,0,83,78,
12cx7,18:50:00,4.844500065,0.036642261,0,90,84,
12cx7,18:51:00,5.425839901,0.044490177,0,90,102,
12cx7,18:52:00,5.232059956,0.041004285,0,87,94,
12cx7,18:53:00,5.619619846,0.04536631,0,81,104,
12cx7,18:54:00,2.32536006,0.002615973,0,75,6,
12cx7,18:55:00,4.456940174,0.030969141,0,86,71,
12cx7,18:56:00,6.007180214,0.049293377,0,92,113,
12cx7,18:57:00,5.619619846,0.047547322,0,91,109,
12cx7,18:58:00,5.619619846,0.047547322,0,95,109,
12cx7,18:59:00,5.425839901,0.04536631,0,91,104,
12cx7,19:00:00,5.232059956,0.041874204,0,97,96,
12cx7,19:01:00,5.619619846,0.047982283,0,92,110,
12cx7,19:02:00,5.232059956,0.043185297,0,89,99,
12cx7,19:03:00,5.232059956,0.042309165,0,96,97,
12cx7,19:04:00,3.8756001,0.027042074,0,84,62,
12cx7,19:05:00,3.681819916,0.023991141,0,89,55,
12cx7,19:06:00,4.844500065,0.037512179,0,89,86,
12cx7,19:07:00,5.619619846,0.045801271,0,93,105,
12cx7,19:08:00,3.8756001,0.027042074,0,90,62,
12cx7,19:09:00,5.03828001,0.039693192,1,76,91,
12cx7,19:10:00,3.10048008,0.014832131,0,68,34,
12cx7,19:11:00,3.10048008,0.017448103,0,75,40,
12cx7,19:12:00,2.32536006,0.003492106,0,79,8,
12cx7,19:13:00,3.10048008,0.016578183,0,83,38,
12cx7,19:14:00,4.263160229,0.0314041,0,93,72,
12cx7,19:15:00,3.681819916,0.020064076,0,90,46,
12cx7,19:16:00,2.71291995,0.006543039,0,79,15,
12cx7,19:17:00,2.906699896,0.013086078,0,77,30,
12cx7,19:18:00,3.10048008,0.01439717,0,68,33,
12cx7,19:19:00,2.32536006,0.003050933,0,75,7,
12cx7,19:20:00,2.71291995,0.010470104,0,68,24,
12cx7,19:21:00,1.065790057,0,0,69,0,
12cx7,19:22:00,1.065790057,0,0,67,0,
12cx7,19:23:00,1.065790057,0,0,72,0,
12cx7,19:24:00,1.065790057,0,0,69,0,
12cx7,19:25:00,2.32536006,0.004796986,0,78,11,
12cx7,19:26:00,5.03828001,0.037077218,0,89,85,
12cx7,19:27:00,4.650720119,0.034461245,0,94,79,
12cx7,19:28:00,5.03828001,0.038823273,0,96,89,
12cx7,19:29:00,3.8756001,0.024861062,0,93,57,
12cx7,19:30:00,4.650720119,0.0362073,0,92,83,
12cx7,19:31:00,3.681819916,0.023991141,0,90,55,
12cx7,19:32:00,5.425839901,0.043620259,0,85,100,
12cx7,19:33:00,3.681819916,0.024426101,0,85,56,
12cx7,19:34:00,5.619619846,0.04536631,0,86,104,
12cx7,19:35:00,3.48803997,0.021810129,0,88,50,
12cx7,19:36:00,4.456940174,0.033150151,0,82,76,
12cx7,19:37:00,2.519140005,0.006977999,0,74,16,
12cx7,19:38:00,5.425839901,0.039693192,0,92,91,
12cx7,19:39:00,5.232059956,0.043185297,0,92,99,
12cx7,19:40:00,5.425839901,0.04536631,0,92,104,
12cx7,19:41:00,3.681819916,0.021810129,0,89,50,
12cx7,19:42:00,4.650720119,0.034461245,0,93,79,
12cx7,19:43:00,5.813399792,0.048852202,0,92,112,
12cx7,19:44:00,5.03828001,0.038823273,0,93,89,
12cx7,19:45:00,4.650720119,0.034026287,0,80,78,
12cx7,19:46:00,1.065790057,0,0,77,0,
12cx7,19:47:00,3.294260025,0.019629115,1,75,45,
12cx7,19:48:00,2.32536006,0.003927066,0,67,9,
12cx7,19:49:00,1.065790057,0,0,65,0,
12cx7,19:50:00,1.065790057,0,0,65,0,
12cx7,19:51:00,1.065790057,0,0,64,0,
12cx7,19:52:00,1.065790057,0,0,63,0,
12cx7,19:53:00,2.71291995,0.009159012,0,64,21,
12cx7,19:54:00,2.131580114,0.002615973,0,63,6,
12cx7,19:55:00,2.32536006,0.003050933,0,73,7,
12cx7,19:56:00,2.32536006,0.003927066,0,73,9,
12cx7,19:57:00,1.065790057,0,0,74,0,
12cx7,19:58:00,0.968900025,0,0,72,0,
12cx7,19:59:00,1.065790057,0,0,68,0,
12cx7,20:00:00,1.065790057,0,0,69,0,
12cx7,20:01:00,2.32536006,0.003927066,0,69,9,
12cx7,20:02:00,2.519140005,0.006977999,0,78,16,
12cx7,20:03:00,2.71291995,0.008724052,0,77,20,
12cx7,20:04:00,3.294260025,0.019629115,0,76,45,
12cx7,20:05:00,2.32536006,0.003492106,0,74,8,
12cx7,20:06:00,1.065790057,0,0,68,0,
12cx7,20:07:00,1.065790057,0,0,69,0,
12cx7,20:08:00,1.065790057,0,0,71,0,
12cx7,20:09:00,1.065790057,0,0,71,0,
12cx7,20:10:00,1.065790057,0,0,71,0,
12cx7,20:11:00,0.968900025,0,0,69,0,
12cx7,20:12:00,2.32536006,0.003492106,0,75,8,
12cx7,20:13:00,2.32536006,0.001746053,0,77,4,
12cx7,20:14:00,1.065790057,0,0,73,0,
12cx7,20:15:00,1.065790057,0,0,75,0,
12cx7,20:16:00,1.065790057,0,0,76,0,
12cx7,20:17:00,2.519140005,0.005673119,0,74,13,
12cx7,20:18:00,1.065790057,0,0,78,0,
12cx7,20:19:00,2.32536006,0.003492106,0,76,8,
12cx7,20:20:00,1.065790057,0,0,74,0,
12cx7,20:21:00,1.065790057,0,0,72,0,
12cx7,20:22:00,1.065790057,0,0,74,0,
12cx7,20:23:00,1.065790057,0,0,74,0,
12cx7,20:24:00,0.968900025,0,0,75,0,
12cx7,20:25:00,1.065790057,0,0,76,0,
12cx7,20:26:00,0.968900025,0,0,77,0,
12cx7,20:27:00,0.968900025,0,0,74,0,
12cx7,20:28:00,1.065790057,0,0,73,0,
12cx7,20:29:00,1.065790057,0,0,75,0,
12cx7,20:30:00,1.065790057,0,0,77,0,
12cx7,20:31:00,2.32536006,0.002181013,0,70,5,
12cx7,20:32:00,0.968900025,0,0,69,0,
12cx7,20:33:00,1.065790057,0,0,70,0,
12cx7,20:34:00,1.065790057,0,0,68,0,
12cx7,20:35:00,0.968900025,0,0,70,0,
12cx7,20:36:00,2.32536006,0.004362026,0,80,10,
12cx7,20:37:00,1.065790057,0,0,80,0,
12cx7,20:38:00,2.519140005,0.005231945,0,79,12,
12cx7,20:39:00,2.519140005,0.004362026,0,72,10,
12cx7,20:40:00,1.065790057,0,0,74,0,
12cx7,20:41:00,2.32536006,0.003050933,0,77,7,
12cx7,20:42:00,2.32536006,0.002615973,0,74,6,
12cx7,20:43:00,1.065790057,0,0,70,0,
12cx7,20:44:00,1.065790057,0,0,68,0,
12cx7,20:45:00,1.065790057,0,0,70,0,
12cx7,20:46:00,1.065790057,0,0,74,0,
12cx7,20:47:00,1.065790057,0,0,82,0,
12cx7,20:48:00,1.065790057,0,0,82,0,
12cx7,20:49:00,0.968900025,0,0,79,0,
12cx7,20:50:00,1.065790057,0,0,75,0,
12cx7,20:51:00,0.968900025,0,0,73,0,
12cx7,20:52:00,1.065790057,0,0,74,0,
12cx7,20:53:00,1.065790057,0,0,81,0,
12cx7,20:54:00,1.065790057,0,0,84,0,
12cx7,20:55:00,1.065790057,0,0,86,0,
12cx7,20:56:00,1.259570003,0,0,86,0,
12cx7,20:57:00,1.259570003,0,0,81,0,
12cx7,20:58:00,0.968900025,0,0,83,0,
12cx7,20:59:00,1.065790057,0,0,80,0,
12cx7,21:00:00,1.065790057,0,0,81,0,
12cx7,21:01:00,0.968900025,0,0,79,0,
12cx7,21:02:00,1.065790057,0,0,78,0,
12cx7,21:03:00,1.065790057,0,0,81,0,
12cx7,21:04:00,1.065790057,0,0,82,0,
12cx7,21:05:00,1.065790057,0,0,82,0,
12cx7,21:06:00,1.065790057,0,0,80,0,
12cx7,21:07:00,1.065790057,0,0,79,0,
12cx7,21:08:00,1.065790057,0,0,76,0,
12cx7,21:09:00,1.065790057,0,0,81,0,
12cx7,21:10:00,0.968900025,0,0,80,0,
12cx7,21:11:00,0.968900025,0,0,80,0,
12cx7,21:12:00,0.968900025,0,0,78,0,
12cx7,21:13:00,2.32536006,0.001746053,0,79,4,
12cx7,21:14:00,1.065790057,0,0,74,0,
12cx7,21:15:00,2.32536006,0.003492106,0,75,8,
12cx7,21:16:00,1.065790057,0,0,77,0,
12cx7,21:17:00,1.065790057,0,0,78,0,
13ac4,21:17:00,0.887777777,0,0,57,0,
12cx7,21:18:00,1.065790057,0,0,76,0,
12cx7,21:19:00,1.065790057,0,0,80,0,
12cx7,21:20:00,2.519140005,0.006108079,0,82,14,
12cx7,21:21:00,2.519140005,0.004362026,0,84,10,
12cx7,21:22:00,1.259570003,0,0,81,0,
12cx7,21:23:00,1.065790057,0,0,82,0,
12cx7,21:24:00,2.906699896,0.013086078,0,87,30,
12cx7,21:25:00,3.48803997,0.021810129,0,94,50,
12cx7,21:26:00,3.48803997,0.019629115,0,89,45,
12cx7,21:27:00,3.8756001,0.027483247,0,98,63,
12cx7,21:28:00,3.8756001,0.022680048,0,102,52,
12cx7,21:29:00,5.425839901,0.046236232,0,102,106,
12cx7,21:30:00,5.619619846,0.047547322,0,111,109,
12cx7,21:31:00,4.456940174,0.020064076,0,96,46,
12cx7,21:32:00,5.232059956,0.041874204,0,99,96,
12cx7,21:33:00,5.813399792,0.048852202,0,109,112,
12cx7,21:34:00,5.232059956,0.037947137,0,101,87,
12cx7,21:35:00,3.8756001,0.023556182,0,107,54,
12cx7,21:36:00,5.232059956,0.037947137,0,102,87,
12cx7,21:37:00,4.263160229,0.028788127,0,88,66,
12cx7,21:38:00,2.519140005,0.003050933,0,99,7,
12cx7,21:39:00,3.681819916,0.018318024,0,99,42,
12cx7,21:40:00,3.48803997,0.016137009,0,103,37,
12cx7,21:41:00,3.48803997,0.005673119,0,97,13,
12cx7,21:42:00,3.48803997,0.01439717,0,95,33,
12cx7,21:43:00,3.48803997,0.01570205,0,100,36,
12cx7,21:44:00,1.259570003,0,0,93,0,
12cx7,21:45:00,1.259570003,0,0,92,0,
12cx7,21:46:00,1.259570003,0,0,93,0,
12cx7,21:47:00,1.259570003,0,0,87,0,
12cx7,21:48:00,1.259570003,0,0,81,0,
12cx7,21:49:00,2.519140005,0.003927066,0,85,9,
12cx7,21:50:00,2.71291995,0.007854132,0,92,18,
12cx7,21:51:00,2.71291995,0.004796986,0,84,11,
12cx7,21:52:00,2.519140005,0.003492106,0,77,8,
12cx7,21:53:00,1.065790057,0,0,78,0,
12cx7,21:54:00,0.968900025,0,0,80,0,
12cx7,21:55:00,1.065790057,0,0,77,0,
12cx7,21:56:00,1.065790057,0,0,77,0,
12cx7,21:57:00,0.968900025,0,0,75,0,
12cx7,21:58:00,1.065790057,0,0,75,0,
12cx7,21:59:00,0.968900025,0,0,74,0,
12cx7,22:00:00,0.968900025,0,0,74,0,
12cx7,22:01:00,0.968900025,0,0,76,0,
12cx7,22:02:00,0.968900025,0,0,75,0,
12cx7,22:03:00,0.968900025,0,0,73,0,
12cx7,22:04:00,1.065790057,0,0,74,0,
12cx7,22:05:00,0.968900025,0,0,76,0,
12cx7,22:06:00,1.065790057,0,0,83,0,
12cx7,22:07:00,2.71291995,0.008289091,0,71,19,
12cx7,22:08:00,0.968900025,0,0,68,0,
12cx7,22:09:00,0.968900025,0,0,68,0,
12cx7,22:10:00,0.968900025,0,0,66,0,
12cx7,22:11:00,2.519140005,0.006108079,0,77,14,
12cx7,22:12:00,2.906699896,0.011340024,0,73,26,
12cx7,22:13:00,0.968900025,0,0,72,0,
12cx7,22:14:00,0.968900025,0,0,68,0,
12cx7,22:15:00,0.968900025,0,0,71,0,
12cx7,22:16:00,0.968900025,0,0,72,0,
12cx7,22:17:00,0.968900025,0,0,73,0,
12cx7,22:18:00,1.065790057,0,0,71,0,
12cx7,22:19:00,0.968900025,0,0,68,0,
12cx7,22:20:00,0.968900025,0,0,69,0,
12cx7,22:21:00,0.968900025,0,0,71,0,
12cx7,22:22:00,0.968900025,0,0,66,0,
12cx7,22:23:00,1.065790057,0,0,69,0,
12cx7,22:24:00,1.065790057,0,0,69,0,
12cx7,22:25:00,0.968900025,0,0,71,0,
12cx7,22:26:00,0.968900025,0,0,72,0,
12cx7,22:27:00,0.968900025,0,0,69,0,
12cx7,22:28:00,0.968900025,0,0,70,0,
12cx7,22:29:00,0.968900025,0,0,72,0,
12cx7,22:30:00,0.968900025,0,0,75,0,
12cx7,22:31:00,0.968900025,0,0,72,0,
12cx7,22:32:00,0.968900025,0,0,74,0,1
12cx7,22:33:00,0.968900025,0,0,76,0,1
12cx7,22:34:00,0.968900025,0,0,78,0,1
12cx7,22:35:00,0.968900025,0,0,76,0,1
12cx7,22:36:00,1.065790057,0,0,73,0,1
12cx7,22:37:00,0.968900025,0,0,76,0,1
12cx7,22:38:00,0.968900025,0,0,74,0,1
12cx7,22:39:00,0.968900025,0,0,74,0,1
12cx7,22:40:00,1.065790057,0,0,76,0,1
12cx7,22:41:00,0.968900025,0,0,75,0,1
12cx7,22:42:00,0.968900025,0,0,76,0,1
12cx7,22:43:00,0.968900025,0,0,74,0,1
12cx7,22:44:00,0.968900025,0,0,74,0,1
12cx7,22:45:00,1.065790057,0,0,77,0,1
12cx7,22:46:00,1.065790057,0,0,76,0,1
12cx7,22:47:00,1.065790057,0,0,74,0,1
12cx7,22:48:00,0.968900025,0,0,76,0,1
12cx7,22:49:00,0.968900025,0,0,75,0,1
12cx7,22:50:00,0.968900025,0,0,74,0,1
12cx7,22:51:00,0.968900025,0,0,76,0,1
12cx7,22:52:00,0.968900025,0,0,76,0,1
12cx7,22:53:00,0.968900025,0,0,76,0,1
12cx7,22:54:00,0.968900025,0,0,80,0,1
12cx7,22:55:00,0.968900025,0,0,75,0,1
12cx7,22:56:00,0.968900025,0,0,75,0,1
12cx7,22:57:00,0.968900025,0,0,77,0,1
12cx7,22:58:00,0.968900025,0,0,78,0,2
12cx7,22:59:00,0.968900025,0,0,75,0,2
12cx7,23:00:00,0.968900025,0,0,76,0,1
12cx7,23:01:00,1.065790057,0,0,77,0,2
12cx7,23:02:00,0.968900025,0,0,74,0,2
12cx7,23:03:00,0.968900025,0,0,76,0,2
12cx7,23:04:00,0.968900025,0,0,76,0,1
12cx7,23:05:00,0.968900025,0,0,77,0,1
12cx7,23:06:00,0.968900025,0,0,78,0,1
12cx7,23:07:00,0.968900025,0,0,77,0,1
12cx7,23:08:00,2.519140005,0.005231945,0,84,12,1
12cx7,23:09:00,2.32536006,0.001311093,0,84,3,1
12cx7,23:10:00,1.16268003,0,0,84,0,1
12cx7,23:11:00,0.968900025,0,0,86,0,1
12cx7,23:12:00,1.16268003,0,0,85,0,1
12cx7,23:13:00,1.16268003,0,0,84,0,1
12cx7,23:14:00,1.16268003,0,0,87,0,1
12cx7,23:15:00,1.16268003,0,0,87,0,1
12cx7,23:16:00,1.16268003,0,0,84,0,1
12cx7,23:17:00,0.968900025,0,0,82,0,1
12cx7,23:18:00,0.968900025,0,0,82,0,1
12cx7,23:19:00,0.968900025,0,0,87,0,1
12cx7,23:20:00,1.16268003,0,0,86,0,1
12cx7,23:21:00,1.16268003,0,0,83,0,1
12cx7,23:22:00,0.968900025,0,0,83,0,1
12cx7,23:23:00,0.968900025,0,0,81,0,1
12cx7,23:24:00,0.968900025,0,0,83,0,1
12cx7,23:25:00,0.968900025,0,0,83,0,1
12cx7,23:26:00,0.968900025,0,0,84,0,1
12cx7,23:27:00,0.968900025,0,0,80,0,1
12cx7,23:28:00,0.968900025,0,0,78,0,1
12cx7,23:29:00,0.968900025,0,0,79,0,1
12cx7,23:30:00,0.968900025,0,0,80,0,1
12cx7,23:31:00,0.968900025,0,0,79,0,1
12cx7,23:32:00,0.968900025,0,0,79,0,1
12cx7,23:33:00,0.968900025,0,0,77,0,1
12cx7,23:34:00,0.968900025,0,0,78,0,1
12cx7,23:35:00,0.968900025,0,0,77,0,1
12cx7,23:36:00,0.968900025,0,0,77,0,1
12cx7,23:37:00,0.968900025,0,0,77,0,1
12cx7,23:38:00,0.968900025,0,0,78,0,1
12cx7,23:39:00,0.968900025,0,0,78,0,1
12cx7,23:40:00,0.968900025,0,0,77,0,1
12cx7,23:41:00,0.968900025,0,0,78,0,1
12cx7,23:42:00,0.968900025,0,0,77,0,1
12cx7,23:43:00,0.968900025,0,0,78,0,1
12cx7,23:44:00,0.968900025,0,0,77,0,1
12cx7,23:45:00,0.968900025,0,0,76,0,1
12cx7,23:46:00,0.968900025,0,0,76,0,1
12cx7,23:47:00,0.968900025,0,0,76,0,1
12cx7,23:48:00,0.968900025,0,0,75,0,1
12cx7,23:49:00,0.968900025,0,0,76,0,1
12cx7,23:50:00,0.968900025,0,0,77,0,2
12cx7,23:51:00,0.968900025,0,0,77,0,3
12cx7,23:52:00,0.968900025,0,0,77,0,3
12cx7,23:53:00,0.968900025,0,0,75,0,3
12cx7,23:54:00,0.968900025,0,0,75,0,3
12cx7,23:55:00,1.065790057,0,0,74,0,2
12cx7,23:56:00,0.968900025,0,0,70,0,2
12cx7,23:57:00,0.968900025,0,0,70,0,1
12cx7,23:58:00,0.968900025,0,0,69,0,1
12cx7,23:59:00,0.968900025,0,0,68,0,1
